locality,2010_Income,2010_Rent,2021_Income,2021_Rent,pct_chg_Income,pct_chg_Rent
Bland County,41552,429,54556,702,0.3129572583750481,0.6363636363636364
Carroll County,36142,493,45220,585,0.25117591721542804,0.18661257606490872
Grayson County,32178,424,43022,616,0.3370004350798682,0.4528301886792453
Smyth County,34864,496,42588,630,0.22154658100045893,0.2701612903225806
Wythe County,38948,507,52726,637,0.35375372291260143,0.2564102564102564
Galax city,22333,470,39808,569,0.7824743652890341,0.21063829787234042
